{"accuracy": [0.4725188612937927, 0.6424617767333984, 0.7090378999710083, 0.7543831467628479, 0.7865649461746216, 0.8127241730690002, 0.832557201385498, 0.8494828343391418, 0.8641798496246338, 0.8748911619186401], "val_accuracy": [0.6137256622314453, 0.6783603429794312, 0.7139525413513184, 0.7344962954521179, 0.7552637457847595, 0.7719096541404724, 0.7801846861839294, 0.7845937609672546, 0.7935397028923035, 0.8023898601531982], "loss": [1.835843563079834, 1.2314475774765015, 0.9929619431495667, 0.8329467177391052, 0.7153624296188354, 0.625949501991272, 0.5556336045265198, 0.49822813272476196, 0.45195385813713074, 0.412350058555603], "val_loss": [1.2918282747268677, 1.0890223979949951, 0.9680881500244141, 0.9133224487304688, 0.8825995922088623, 0.8669572472572327, 0.8642027378082275, 0.9344699382781982, 0.9003027081489563, 0.9123082160949707]}