{"accuracy": [0.4368784725666046, 0.5789448618888855, 0.6215823292732239, 0.6456088423728943, 0.6604257225990295, 0.6723431348800659, 0.680019199848175, 0.6858341097831726, 0.691025972366333, 0.6947242021560669], "val_accuracy": [0.5800185203552246, 0.6324483156204224, 0.6579443216323853, 0.6760599613189697, 0.6879133582115173, 0.6920987963676453, 0.6958049535751343, 0.7006294131278992, 0.7046870589256287, 0.7093517184257507], "loss": [1.926222562789917, 1.4115073680877686, 1.2594194412231445, 1.1710596084594727, 1.1156851053237915, 1.076521635055542, 1.043845772743225, 1.023687720298767, 1.0046583414077759, 0.9899996519088745], "val_loss": [1.4297090768814087, 1.2353490591049194, 1.1461081504821777, 1.0891461372375488, 1.0493965148925781, 1.0339704751968384, 1.015981912612915, 1.0039314031600952, 1.006176233291626, 0.9919467568397522]}