{"accuracy": [0.4855385720729828, 0.6572786569595337, 0.7232237458229065, 0.7650784850120544, 0.794624388217926, 0.8202244639396667, 0.8381005525588989, 0.853484570980072, 0.8659051656723022, 0.8787651062011719], "val_accuracy": [0.6276238560676575, 0.6955174207687378, 0.7247515916824341, 0.7481708526611328, 0.7691938877105713, 0.7779801487922668, 0.7867024540901184, 0.7956803441047668, 0.7995463013648987, 0.8065433502197266], "loss": [1.7960926294326782, 1.1583731174468994, 0.9189461469650269, 0.7686173915863037, 0.6663627028465271, 0.5809370279312134, 0.5208317041397095, 0.4700723886489868, 0.4256497621536255, 0.3904505968093872], "val_loss": [1.2360491752624512, 1.0121996402740479, 0.9065622091293335, 0.8621113896369934, 0.8461816310882568, 0.8594200015068054, 0.8416410684585571, 0.8526811003684998, 0.9165285229682922, 0.9239950180053711]}