{"accuracy": [0.3370981216430664, 0.5220176577568054, 0.5998402237892151, 0.6524062752723694, 0.6902192831039429, 0.7229681611061096, 0.7470905184745789, 0.7656855583190918, 0.7837054133415222, 0.7981708645820618], "val_accuracy": [0.501453697681427, 0.5734049081802368, 0.6270487904548645, 0.6559634208679199, 0.6812677979469299, 0.6984887719154358, 0.7136649489402771, 0.7238569855690002, 0.7357742786407471, 0.7425796389579773], "loss": [2.4338064193725586, 1.6666460037231445, 1.3750323057174683, 1.1848044395446777, 1.0439327955245972, 0.9354271292686462, 0.8457089066505432, 0.7787416577339172, 0.71435546875, 0.6624894738197327], "val_loss": [1.7166856527328491, 1.460591197013855, 1.301005244255066, 1.208787441253662, 1.1524326801300049, 1.1218070983886719, 1.1248689889907837, 1.1213552951812744, 1.1361255645751953, 1.1510825157165527]}