{"accuracy": [0.283365935087204, 0.44381165504455566, 0.5005232095718384, 0.5310915112495422, 0.5506609678268433, 0.5656535625457764, 0.573058009147644, 0.584520161151886, 0.5899117588996887, 0.5967890024185181], "val_accuracy": [0.44905588030815125, 0.520655632019043, 0.5556407570838928, 0.5789322257041931, 0.587303102016449, 0.6018083691596985, 0.6083900332450867, 0.6144285798072815, 0.617847204208374, 0.6234384775161743], "loss": [2.588101387023926, 1.9442530870437622, 1.7365055084228516, 1.622294306755066, 1.5468894243240356, 1.4946051836013794, 1.4579254388809204, 1.425855278968811, 1.3975616693496704, 1.37541663646698], "val_loss": [1.9650733470916748, 1.6947989463806152, 1.5732704401016235, 1.4881850481033325, 1.4455244541168213, 1.412150502204895, 1.3834192752838135, 1.3683706521987915, 1.3534824848175049, 1.3351982831954956]}