{"accuracy": [0.3187507390975952, 0.5141019821166992, 0.5901274085044861, 0.6381804347038269, 0.6774392127990723, 0.705291748046875, 0.7317624688148499, 0.7522504925727844, 0.7698869705200195, 0.7856623530387878], "val_accuracy": [0.48209208250045776, 0.5715517997741699, 0.6063132882118225, 0.6389341354370117, 0.6617783308029175, 0.6817470192909241, 0.695006251335144, 0.7104380130767822, 0.7195757031440735, 0.733282208442688], "loss": [2.45512318611145, 1.7159634828567505, 1.4377802610397339, 1.2515918016433716, 1.1115971803665161, 0.999869167804718, 0.9076958298683167, 0.8320081233978271, 0.770807683467865, 0.7123896479606628], "val_loss": [1.7886567115783691, 1.488871455192566, 1.3669188022613525, 1.2672446966171265, 1.2216646671295166, 1.1903533935546875, 1.156001091003418, 1.1441797018051147, 1.1619006395339966, 1.1491847038269043]}