{"RNN_Book": 0.7315969467163086, "RNN_Author": 0.8048768043518066, "RNN_Translation": 0.5402054786682129, "CNN_Book": 0.6265463829040527, "CNN_Author": 0.7096922397613525, "CNN_Translation": 0.5439372062683105, "RCNN_Book": 0.7422809600830078, "RCNN_Author": 0.807995080947876, "RCNN_Translation": 0.5407167077064514}