{"accuracy": [0.4582371413707733, 0.5561643838882446, 0.5859498977661133, 0.6098326444625854, 0.626782238483429, 0.641782820224762, 0.6538519859313965, 0.6643635630607605, 0.6745157837867737, 0.6830544471740723], "val_accuracy": [0.5231157541275024, 0.5387712121009827, 0.5424134731292725, 0.5502092838287354, 0.5465030670166016, 0.5447139143943787, 0.5447139143943787, 0.5401450395584106, 0.5383238792419434, 0.5337231159210205], "loss": [1.3207277059555054, 1.081872582435608, 0.9935329556465149, 0.9301956295967102, 0.8786092400550842, 0.8375030755996704, 0.8015909790992737, 0.7691883444786072, 0.7405201196670532, 0.7163015007972717], "val_loss": [1.1391713619232178, 1.1002558469772339, 1.096761703491211, 1.10774827003479, 1.1582298278808594, 1.2293089628219604, 1.2647409439086914, 1.3266823291778564, 1.425484538078308, 1.501033902168274]}