{"accuracy": [0.4371500313282013, 0.5249730348587036, 0.5481368899345398, 0.5630016922950745, 0.5715563893318176, 0.5778106451034546, 0.5851671099662781, 0.5898798108100891, 0.5938735604286194, 0.5951675176620483], "val_accuracy": [0.5150004625320435, 0.5344579815864563, 0.5402408838272095, 0.5368222594261169, 0.5397297143936157, 0.5391865372657776, 0.5439471006393433, 0.5426371693611145, 0.5403047800064087, 0.5370778441429138], "loss": [1.3595421314239502, 1.1451764106750488, 1.0873788595199585, 1.0532971620559692, 1.0303658246994019, 1.0127911567687988, 0.9964823722839355, 0.9852415919303894, 0.9752787947654724, 0.9683937430381775], "val_loss": [1.1602123975753784, 1.114883542060852, 1.102412223815918, 1.112616777420044, 1.1037193536758423, 1.1105319261550903, 1.1169254779815674, 1.1295359134674072, 1.125614047050476, 1.1471900939941406]}