{"accuracy": [0.4590119421482086, 0.5546307563781738, 0.585095226764679, 0.6055114269256592, 0.6233955025672913, 0.6372618675231934, 0.6506250500679016, 0.6604976058006287, 0.6675985455513, 0.6788290143013], "val_accuracy": [0.526694118976593, 0.5400172472000122, 0.5447139143943787, 0.5428927540779114, 0.5428927540779114, 0.5442665815353394, 0.540752112865448, 0.5374293327331543, 0.5331161022186279, 0.5291223526000977], "loss": [1.3097238540649414, 1.0749930143356323, 0.9894441366195679, 0.9322206377983093, 0.883512020111084, 0.8430079221725464, 0.8065698146820068, 0.7743639349937439, 0.7485482692718506, 0.7212650179862976], "val_loss": [1.1277300119400024, 1.0890544652938843, 1.1021158695220947, 1.128182053565979, 1.1503692865371704, 1.195051908493042, 1.2250944375991821, 1.3295634984970093, 1.3553377389907837, 1.5502510070800781]}